{"columns":["playerId","possession"],"index":[0,1,2,3,4,5,6,7,8,9,10,11,12,13,14,15,16,17,18,19,20,21,22,23,24,25,26,27,28,29,30,31,32,33,34,35,36,37,38,39,40,41,42,43,44,45,46,47,48,49,50,51,52,53,54,55,56,57,58,59,60,61,62,63,64,65,66,67,68,69,70,71,72,73,74,75,76,77,78,79,80,81,82,83,84,85,86,87,88,89,90,91,92,93,94,95,96,97,98,99,100,101,102,103,104,105,106,107,108,109,110,111,112,113,114,115,116,117,118,119,120,121,122,123,124,125,126,127,128,129,130,131,132,133,134,135,136,137,138,139,140,141,142,143,144,145,146,147,148,149,150,151,152,153,154,155,156,157,158,159,160,161,162,163,164,165,166,167,168,169,170,171,172,173,174,175,176,177,178,179,180,181,182,183,184,185,186,187,188,189,190,191,192,193,194,195,196,197,198,199,200,201,202,203,204,205,206,207,208,209,210,211,212,213,214,215,216,217,218,219,220,221,222,223,224,225,226,227,228,229,230,231,232,233,234,235,236,237,238,239,240,241,242,243,244,245,246,247,248,249,250,251,252,253,254,255,256,257,258,259,260,261,262,263,264,265,266,267,268,269,270,271,272,273,274,275,276,277,278,279,280,281,282,283,284,285,286,287,288,289,290,291,292,293,294,295,296,297,298,299,300,301,302,303,304,305,306,307,308,309,310,311,312,313,314,315,316,317,318,319,320,321,322,323,324,325,326,327,328,329,330,331,332,333,334,335,336,337,338,339,340,341,342,343,344,345,346,347,348,349,350,351,352,353,354,355,356,357,358,359,360,361,362,363,364,365,366,367,368,369,370,371,372,373,374,375,376,377,378,379,380,381,382,383,384,385,386,387,388,389,390,391,392,393,394,395,396,397,398,399,400,401,402,403,404,405,406,407,408,409,410,411,412,413,414,415,416,417,418,419,420,421,422,423,424,425,426,427,428,429,430,431,432,433,434,435,436,437,438,439,440,441,442,443,444,445,446,447,448,449,450,451,452,453,454,455,456,457,458,459,460,461,462,463,464,465,466,467,468,469,470,471,472,473,474,475,476,477,478,479,480,481,482,483,484,485,486,487,488,489,490,491,492,493,494,495,496,497,498,499,500,501,502,503,504,505,506,507,508,509,510,511,512,513,514],"data":[[9206,0.4469986569],[9127,0.4390180879],[93,0.4382875227],[9179,0.4713216958],[10108,0.43333528],[8433,0.4427938141],[8125,0.4390807955],[9433,0.4464631422],[8980,0.4404879078],[8643,0.4380738106],[12242,0.4368587109],[8925,0.4548302872],[8284,0.4406363713],[532949,1.0],[259531,0.5034867503],[7989,0.4556355865],[245813,0.4893314367],[11669,0.4792194427],[239411,0.3950320513],[8296,0.4961816016],[9277,0.468039371],[9285,0.4821280133],[62224,0.4850452121],[9739,0.4790346077],[8351,0.4733888866],[8726,0.4783647284],[134102,0.4777891125],[9637,0.4956853687],[8623,0.4643608627],[38031,0.4421737111],[454,0.4418673255],[25703,0.5390625],[8471,0.4567397147],[8049,0.6249176005],[7988,0.4733355863],[8425,0.4535347871],[127537,0.4499844107],[25430,0.4774892866],[235555,0.4758423807],[486252,0.4167473379],[8422,0.4727082541],[8554,0.4522722696],[25537,0.4162600085],[261,0.4457748888],[3577,0.4249929952],[8686,0.4230156499],[8958,0.4126405784],[7907,0.5841857893],[119951,0.4161267099],[7853,0.4225220522],[8530,0.4073870507],[8370,0.4256436101],[8360,0.4179338605],[8285,0.4156447092],[8358,0.4181899663],[5281,0.4076793533],[25867,0.5710632857],[7945,0.5976574477],[14869,0.5882553889],[3560,0.610971037],[230020,0.5952178662],[279717,0.5870148312],[370224,0.5867556938],[20612,0.6005935292],[25413,0.6206041777],[105338,0.5467934542],[25662,0.5631145896],[167145,0.597274292],[7870,0.5992557321],[49876,0.5957361223],[9419,0.4839891975],[38377,0.4306743246],[214654,0.4714952492],[303357,0.4115210101],[8897,0.4306050955],[8745,0.4021543986],[132,0.3916381657],[15215,0.4503286118],[62389,0.4560341304],[55979,0.4522365342],[282550,0.4477542687],[56038,0.4522365342],[14796,0.4174614472],[8290,0.4734242709],[120,0.408650261],[15526,0.4471238518],[61961,0.4182999686],[8416,0.4507057468],[8242,0.4401945982],[13451,0.449376947],[61390,0.4417237102],[9097,0.4417237102],[8086,0.4410714286],[26495,0.4341971811],[25950,0.454987279],[247248,0.4415589829],[466,0.4393111401],[20855,0.4222073252],[25747,0.5996066404],[8140,0.6142455961],[15808,0.5895026297],[8955,0.6387078492],[120353,0.5942832548],[351808,0.7478991597],[25393,0.58802647],[286831,0.6332653306],[346101,0.5872517797],[222220,0.6021687814],[116,0.5767871955],[7964,0.6038665272],[15175,0.5981422841],[370,0.5688167084],[68085,0.48416538],[8889,0.4937344277],[3348,0.4837537841],[8903,0.5140966368],[10663,0.4726854514],[7888,0.4468685349],[92899,0.4944847904],[28292,0.4915390421],[8981,0.5028810021],[160,0.4773528493],[8266,0.4917384656],[20593,0.4911646785],[9403,0.4542980631],[377071,0.4911694102],[7939,0.5260055584],[8135,0.5998512458],[38,0.5743664312],[3413,0.5113404466],[7928,0.5495923913],[7936,0.5680049798],[3361,0.5863817971],[21095,0.5190890824],[101652,0.5194744252],[397174,0.5454954955],[397178,0.552619514],[20606,0.5125977411],[7906,0.5847260008],[256998,0.5003442736],[12536,0.4334626346],[3327,0.4197262554],[9227,0.4359191988],[134294,0.3991813996],[8620,0.4286891386],[26109,0.3195876289],[7967,0.4326255545],[252365,0.4342574204],[104851,0.4382609892],[3523,0.4396278208],[8833,0.4252125399],[293686,0.3913434369],[230883,0.4356113871],[7978,0.4175114338],[26010,0.5876106195],[3324,0.5601369767],[8246,0.5726898175],[105333,0.5545567851],[25707,0.5443052861],[3360,0.5691322835],[8625,0.5341763615],[40787,0.5618953113],[135103,0.5466169051],[25553,0.5488351062],[31528,0.5571138898],[28291,0.5424553997],[7887,0.5471069269],[3429,0.5454731621],[8464,0.6875415559],[340386,0.6979283692],[265673,0.6973180077],[404397,0.6377952756],[14808,0.6671192472],[447205,0.7061538462],[9380,0.6816138394],[245364,0.6861450324],[3662,0.6958895311],[70083,0.6899513776],[134502,0.7051192146],[11066,0.6935952374],[38021,0.6898875864],[105339,0.6944264672],[8953,0.4902956785],[8384,0.5080809588],[8116,0.5056630004],[8144,0.501525074],[7885,0.5130178402],[297733,0.4638646848],[383,0.5204113698],[8136,0.5038251366],[7899,0.4988748814],[268776,0.4869833475],[135114,0.4746075716],[703,0.4987058465],[70389,0.5172453077],[8580,0.4926243397],[8498,0.4202773498],[77550,0.4847560976],[77557,0.4716282202],[343951,0.4718194998],[77552,0.4734409734],[10252,0.4470204877],[246866,0.4491890691],[8976,0.4589411765],[25571,0.4493128753],[284,0.4063134506],[25572,0.4611749681],[8192,0.4509775629],[77541,0.4662251656],[7847,0.4491890691],[77548,0.4313537165],[7932,0.4327413984],[399564,0.462841016],[8017,0.4116985377],[15054,0.4186076355],[49971,0.410497023],[207164,0.400470277],[49872,0.426122382],[8731,0.4396444885],[8094,0.4216969185],[107,0.4304204121],[8747,0.4551793355],[25854,0.4256319982],[149019,0.4703108937],[419784,0.5204460967],[283142,0.4860188999],[277002,0.5284043442],[285508,0.4834234418],[448708,0.4757281553],[8653,0.4803881925],[93084,0.4284308903],[8488,0.4765950019],[14853,0.4433252529],[3928,0.4814387826],[70403,0.5154970113],[12829,0.4812682308],[26150,0.4822898931],[40765,0.6019157088],[13484,0.5971198578],[20441,0.6063868283],[257762,0.5964749813],[25804,0.5959668508],[14911,0.6122569627],[210044,0.6020696399],[402884,0.6307890223],[36,0.5974342105],[8717,0.6047248849],[54,0.6066738172],[8292,0.6176617662],[61967,0.6256684492],[25381,0.6000566492],[86325,0.5003558719],[56,0.5245528455],[32636,0.4678730867],[7879,0.478018099],[353236,0.4508553326],[9194,0.4496312286],[8245,0.4469435052],[8239,0.466383581],[145692,0.4541811583],[10131,0.4569501358],[25706,0.4645897223],[8143,0.454515778],[7919,0.4542518169],[8240,0.4677206851],[26499,0.4518258544],[265318,0.4363268842],[41174,0.4576429769],[20620,0.4495394271],[8582,0.4539276328],[8005,0.4608401419],[14703,0.4598947258],[21100,0.4440240374],[379209,0.4293622675],[70965,0.4533938815],[37725,0.4628169179],[3582,0.423805984],[8313,0.4531699756],[8561,0.43614378],[7970,0.5008397716],[7934,0.5522345105],[7910,0.5467496388],[7918,0.5464468534],[71703,0.5586246418],[7922,0.5379004123],[7938,0.5386639459],[4255,0.4455835962],[91381,0.4349969934],[3278,0.4559325283],[241564,0.7157327019],[26136,0.6732266436],[8324,